해외애플 아이폰 6 휴대폰 케이스 iphone6s 슬림 보호케이스 ipone6s 충격방지 풀패,"7,030원",https://cr.shopping.naver.com/adcr.nhn?x=m1Ve%2FFgQ%2BQwuyIAzWlFa6f%2F%2F%2Fw%3D%3DsgGIoS52RNFirZ3cskwEHXDoi%2BUARUIRrJISRTI1aisfRce3WXgamt1W4XLvMBOvjIiIciOwSx5v4zpJpN2v6vCE54izk2RIqG8Dy3w3mkLUBeuR9tO46lAFATtckjJ2J22HzD9pkAazHW6dmyYuRaJouF7DsnakqXsUCcAZMLoujmz%2FELFF%2BOjSazkW7OkejiJtU6jtESNLYttY%2BjRwrTpUBU18LCBgXhGzYS3LWaYa4z3TQqbmbixIRDJaKIZx86ePyVwpC0Y56VFuefFKuYXdG6jGabR%2F%2FEz%2Bs4Au0JCBqkpXtqekqXiFwTDp7XbM2J9GZgBB1g9LIkLa1fZpJk1Vd6Z%2BmZ5fvTALbBBPmfKLmnGLANk9TjQtjOEdf9xG%2F7FONJB2jOvyq0%2B8cXSFRhYT%2BfRQDlgoXWqdKpI6OukUjBjIwmaHrdyQG0blVyvZEtJsNSGYDhdT16gJ%2BASmuaIwefsEME1qpc2agpsB5My%2BoWGocqUwC0bTrJ92pNqeVzBb%2FMUa9HJssvHId1XDZNbrV6BOtQi5m3Ur5j7KF6C1wzu8Li%2Faa63OCBLG71HqAASh1mZcKs7d0ndcIWkg1Cf23fehl%2F87jXlKByneB6X0nVfHJIbxN1pISSatOaDZmgE744VnXnJBe5LPbhFablaV27ZuHO6tsddjZNwcxPOhIILpiJIvbkDFwBcMcN24rC5N4rveiNe9A9YX4jVpucb4GGjqlBQePUb3W2DtUlBEdHI8FZtQVGFZJxOyBDKc%2B&nvMid=27653543307&catId=50004594
해외애플 아이폰 6plus 휴대폰 케이스 ipone6Splus 글리터 반짝이 i6splus 소프트 케이,"8,850원",https://cr.shopping.naver.com/adcr.nhn?x=fyE4Nlm0zPnbGbn23C2ohf%2F%2F%2Fw%3D%3Ds50CKX3Z0c4U2tF6TJa%2FAL9GnIHZdWxFAYNy1tKHxsX0k5sT8b7%2F%2FeiMUFLdtYe%2FtgAI7Y%2FMHD0FY6Yj8%2BhNrVSwNGUGnI0U6UJ%2BqiX%2BH0A4zBb%2F%2BVa%2FpO3jPlYtHMxZfVvtxD40hMAxuH9cj4XbRyPllpa1mjfFfIOd0Cvm1kzY9X3LfTTs5pPZI8%2FoB66qptVbH51qvVvvBvSvYPdjxr1yg4QGQSBmhOtoxVLaZsvqKzruy5mqRzATWRc%2Fl61K7toJQYQPAIjxGoucYQ1fBBoi7LEUs4hI3sAivSNrRqa7OVy1EEqn8Gp7rmMheB2lhG6kTS9poNeJKtP6j%2Bn%2B72cv%2BjB2erv%2BZ%2Brrs5VHOiTRLlIk0uAh1LVcUK1nkYRMYFNoZ9%2Fm1VGmqkdiDp19ccDBTWvY9lZNjZxj9CMFskHPB3c8Va8JCnWTuhJIMDfssv7wqVUsqa6itbY1tiwoB4yaKZAiky5zaV5fbkV6aXZvU34v7xmYzQ3HxujbqcX%2BoMc8rztQh2kDIJz4sZjjsI0CJ7QxEPu3g50A%2BqPJ3G4hdBW8utO7SXrdX5pFSW0rkzgE0ahI9rXZ7mGXEQx%2FebQgOKPPDjUlmilb8Ax5BNlnWrRAcB5wBOPQy93Ia9Qx30qex4UVghs37seLP1eHQmAj3M1Pov4ITZl61KsfIZK2PBimPDZwOttZjcrwUclZ95dRVpmGp7Sy23XtFMLoCuSOcbfvly7vrhIJvaeXqpsPLVWGr8fvvH1mWvUgXPK6j&nvMid=32716174497&catId=50004594
"해외iPone 6 Case, iPhone 6s Case, ALDHOFA Hybrid TPU Protective Phone Case with Kickstand,Dual Layer Pho","43,020원",https://cr.shopping.naver.com/adcr.nhn?x=%2Fwi0wIA1tzwVRrcm9W75lP%2F%2F%2Fw%3D%3DsA2lR%2BZY0ZYeSki0%2F3j5h%2F5%2FScFmVTCSwetKwYzYSbxok5sT8b7%2F%2FeiMUFLdtYe%2FtZOPmQehTyYRyoT26DauYpiwNGUGnI0U6UJ%2BqiX%2BH0A4zBb%2F%2BVa%2FpO3jPlYtHMxZfyw0xw1eKCniWF9cBUMgkzes%2BRn4dxRN9BucqzubmJoIIJU8cdf4OQo%2Bg227N7A8OmWURKsLzPbt7rKTdeB3L3fOuw010x9VTiKdJm5t7IKeRJ2YeTT4qEeJqOBgpVFOIQ%2BD%2Fo9glb0ukJK6bM8miKArsK1DNlYuW6vX8WB7j4Sln%2FYo9GL%2FBJrp2nhgpzU9LaggEwqyqJluf2e8JSgu3oMHdzxVrwkKdZO6EkgwN%2ByxB60XzvmmhWIpfRaqAsrLifDrjhsv00Dqw9az3Yit0IBuxBATy%2FWELni%2BfvSk0TuGsterzp9yw%2FqJI4zHww2bYXZDF6DY4TmmujzoSfXe9LnTREoccgR5iA34Ttu0ef%2BleITMOAJfPLMf9hb2%2B%2B0vsDi%2FzKquDYnjxQO8Fk%2BsPwLk9yx2LE4ozzid%2FD5TsgrpSVzztsUKU36ztSCdG2qbQkm6mHrmnZVFn8tfgzBRcuG9TZjqEQTAbFzUBl8432wvhVEAf6wwM5tqtSh0bB5Hx&nvMid=33604801518&catId=50004594
키아라페라그니 IPONE 6PLUS/6SPLUS 케이스 special price,"46,800원",https://cr.shopping.naver.com/adcr.nhn?x=J0jB9LzoMwwzB56%2BVKDB8f%2F%2F%2Fw%3D%3DsccdOvqcKM2n6QoVVIFD%2BzXJDzxPgTOtXUQ5M5UkeJTAk5sT8b7%2F%2FeiMUFLdtYe%2FtFxyt8YIFJ12vPaRs%2B6s0jiwNGUGnI0U6UJ%2BqiX%2BH0A4zBb%2F%2BVa%2FpO3jPlYtHMxZfVuf5wfRt6V4CBO2m2x0OAOwomJ2EtFc78T1h0nhIyL9RCEYYf0m4Kjtlskw7zNAc%2BqS%2Bcu3oPQbS7vGy5mlrgCEakqWTHxhSr8r3H%2Bpj0E6zFOSSSmWkYlG3l6G77%2FCTPTFhN5mEub6O1bXmMG6ulK7CFqX9Lg%2BFBfmo5XzDeA4YO%2Bb2QAHKenO7dZHEhlx5Tt9Ok8a%2B15r%2BhwQzaPNvZIBsJjzV%2F3vl5Lmd9HbkUGI%2FzdYC%2FwYAihDQzAs9Z5v9H1x9X5K0VGiVOqgYoyTDJUivzKH39Rtz4yHVa1CLXgt7wSMZiheGLbj%2FRM63hRPH%2Ba5ftpqggq%2F8LOVOucJyzXYy7rW3gNpg3MV4Gyu%2FqTswxzWiKJ4bEzqhgYtLslnpgl5JNepM5kgiMBX%2BdysKsPVMZV%2FOtBsnQBR9MCXrxEi0kA%2Bt2J6adUlj%2BU7Rv%2Ff3Q1Sb7tXQkCCG%2FtfhFT3zIfkOjZ5U8gA%2FKG5GZdXO6S6r7VAb36ErED7xDOmVlGU6TGRDo4kvRryuiUyRCGK86v6A9u794aiiRF%2FEoESJkHZWhZ3SMHTcLlpircdRzUgq1JIslBmdxaTx7xO1%2BPPoWw%3D%3D&nvMid=33982424296&catId=50001377
키아라페라그니 IPONE6PLUS / 6SPLUS SEASON OFF,"49,500원",https://cr.shopping.naver.com/adcr.nhn?x=jMx2WY%2FfWl3jFqfajhsxqv%2F%2F%2Fw%3D%3DsclYafq1j4dFvdXD72pAG3CeU8Exrl6uVUrOl9IqfbyYk5sT8b7%2F%2FeiMUFLdtYe%2Fttit4DqMWvPARrOLQESiTACwNGUGnI0U6UJ%2BqiX%2BH0A4zBb%2F%2BVa%2FpO3jPlYtHMxZfqGl9X%2B9xscGDhfKbr9va4WFEV98CfAwi%2FgpsOD1fQ6BauFou6XqHVWbZADh1MXsbE74%2FtsiPbqcnqzyzGyeoUv6LQ0RmvVNgBoNjCCT6yMU%2Fa18qhDQ1A%2FKJp3fgBDor391W%2FC1w5SVs2sYtTdFSemTC3kCMZKp%2BkRZcGMJXdMl5NgeIJ8ButjKXoWkqN1vMVLIQYYNL005k0nLdBArPpKxQrtdwsfYXJw%2FsAUCATswlnYFbWZNYxLbima2jjiv3ls7Oi62OKSGnA7VDWw5%2FR2zUNMjTDdGH4xLh%2F1cYTyhdSp5D4NHhH3uyUGm42ztAxi1SubpPSZLgKK1x9ApayKZTsnf0IkBuIoy4su5ram1Thw%2BRL11%2F%2BfHWyXzSCTDOuK4WTPobAmxa15jjFLfUMgZZ1s0v4ram%2FcXvebotAj7BxpEHyOItJp1yEurS6GYAzY6of2Xpggjm6A4Z8HgJhg%3D%3D&nvMid=82682009433&catId=50004592
해외사과아이폰 6핸드폰케이스 47 인치 IPHONE6S 실리콘 연변 PG 남자 IPONE6 개성 IP6 충격흡수 - 보호껍데기 케이스,"5,000원",https://cr.shopping.naver.com/adcr.nhn?x=i%2Bj%2BwIV6QJMoYlg08DUCFf%2F%2F%2Fw%3D%3DsDJWvXmApLzmQwofH8TPnRQj8KBdVD1bd2lC1Y%2F%2BacHIk5sT8b7%2F%2FeiMUFLdtYe%2FtkMY%2FoSJPu1g9k4UteJTCNCwNGUGnI0U6UJ%2BqiX%2BH0A4zBb%2F%2BVa%2FpO3jPlYtHMxZflIBr2ZXV1S3Lre7NdYjTHw5lZtQiFbXjstwY8fzLvixKudBoYYjVaTM0%2FMuUyvWZ%2Bg0EIN96%2BuHavtVQA2AVo16fLUJxbxpgNdqWrXMTJ9CrilkDeG%2B1rLU11UaeFf3disext5K2yYkF868rsMDqiewvLWcvbp9T3jTBLgSO96gCWZM%2F689vLgic3fpQh7pMx72P1MzfeDsyK%2BcBtz34gA%2BIe3nGNyFmrh24bH0xVhwcoo1r5Iy10iYsIikp3bItnHxFq1kEioKZ5lT4y9QdY6%2Fafox5%2B4h1KLUfkfmuwO3sTUiq4rdqhPtF7N5eIjKthUUYwmEBTN3S7bysXGu%2Fdmw3A4JV9rGPnvhEusxjNz52JeJ%2FVm%2BdTzBeNjZ%2FCtxtkMY1pWmXfZGjTq6693wnE1jaGmSzRwWBCAhas7Es3mGNyIPrMKKQAweb4aR%2F6LyzubhFxjGKNFZOJ7EfEGS%2F%2FI8GKY8NnA621mNyvBRyVn3qbjXtRmAybeTmnW1%2BhrOQeOBX3Afgg6fJZtFfG4sM7IVsN%2FiAcjmtIwlTUFZwg6A%3D&nvMid=33317522643&catId=50004594
키아라 페라그니 여성 SPECIAL PRICE 폰케이스 IPONE6PLUS6SPLUS,"47,030원",https://cr.shopping.naver.com/adcr.nhn?x=7GjpImss5m9l8ml5ne0e8f%2F%2F%2Fw%3D%3DsZz3erQdwkcyEJriYCXYpM7ZG8cGmvoeB15AOZ0%2BqBkLRce3WXgamt1W4XLvMBOvjmvJYjYBldH0i%2FV%2BEUce3qiE54izk2RIqG8Dy3w3mkLUBeuR9tO46lAFATtckjJ2JhR%2F30XYwhE9rwzkfjVvhx61aYsJQUGf%2F9uGTz%2BRHu88jU%2BagPeCQpEDKfP5xoD1vOD5PCenb2E%2FPht%2FkwXX0PWAq%2FQD%2B6rp%2BfzgXz4pA0iTlqUjwBAVbHIaEpxlnm2%2Fhp2%2BIBnDe3XtMEWddkIF1S4c2D7FamGq3Y6MEk0yRVd38d4Km3YHH6RaReIoZXKytXNrs9In8TglEKKdMNelS4N9%2BKy%2Fm0d%2BgYWHtEf61Jo4AUk0tbEb%2BPaAR8Zvsauh4Cr%2B3F6NgCNTxXbjEjmbjV9p7ln96mGIr0UDhUhSKNljKRyvq%2BfDUs63OSxYfmA1XsTDn58Bnghei3PQUUDGJHy4pZFqcXVORjl8AAgLqYRloXS6V85Ll0O80YDuMJc%2Fn7NlM%2FUS5Vrnn0K9EEZo8dWuiuIoaaY%2B7%2FdzeDtnEbYnyi4wQWW9zAQwdAjX2%2FaEbp179cMEK8bjRtrlxO3OWZ8ucXIyFsIlqTOVSat4eRkzohoiPhqlp78xNNe2kAp0Hq%2B1QG9%2BhKxA%2B8QzplZRlOqV5wU0R1%2B4mRu8X56BzZE18qm5BYgyEyhtyzECUL00AV3OdHgSE8LoEjTx9zpNPbFaRsOtQUnaEEbxBoHxZXOc%3D&nvMid=28605329845&catId=50004592
해외애플 아이폰 6splus 휴대폰 케이스 iphone6 케이스 ipone6s 액체 실리콘 소프트 케,"8,310원",https://cr.shopping.naver.com/adcr.nhn?x=i6NAfT3ueMdAZsAflRNYa%2F%2F%2F%2Fw%3D%3DskwQlIc03jBq%2FHJLSqargBZkaWESn3j0snzH7o%2BUrbHUk5sT8b7%2F%2FeiMUFLdtYe%2FtEp9cvkuESPvSEN29y0r5oiwNGUGnI0U6UJ%2BqiX%2BH0A4zBb%2F%2BVa%2FpO3jPlYtHMxZfVvtxD40hMAxuH9cj4XbRyPllpa1mjfFfIOd0Cvm1kzZEkBarqDKsxz3p7SHXLOmaGI0EOCtx8hfka59TnrvkoJF%2ByzBb%2Ft%2BUKqfPrtB6muGKzruy5mqRzATWRc%2Fl61K7toJQYQPAIjxGoucYQ1fBBoi7LEUs4hI3sAivSNrRqa7OVy1EEqn8Gp7rmMheB2lhG6kTS9poNeJKtP6j%2Bn%2B72cv%2BjB2erv%2BZ%2Brrs5VHOiTRLlIk0uAh1LVcUK1nkYRMYjTnwAPnEMZNSFdy0jzkKz%2BEsVO1UK7b7g%2FnF4EjWAhrB3c8Va8JCnWTuhJIMDfss%2BAPb7D1O7tXteeNuik6VbwhUZG7ALTcO%2B%2Fpt29GlTyPU34v7xmYzQ3HxujbqcX%2Bow8mRccYGDrmFy9EtC2u%2BiFYKvoToaG%2FJP8qI%2FqPgla%2B%2Bh7AM7o%2FC9RFXT%2Bpafzrprrb%2BPDuaWA5H5CzCxyqdwj7IGOc5yjBz9jupJCKf4OCas4rCQl7gZCCRyIa%2BzELc4CQnErMjJpF96RxCk9mV0a7pMbWLTmc0RByQ%2BGgDRLbL07boOLwoxL6IajskM%2BfZBRc10ftPMToDTu1%2F3hVnQaK5UJFjWKuopwot%2F4E4XbpoaKZHilHbuauHUigNM5KA&nvMid=30889647206&catId=50004591
해외애플 아이폰 6 휴대폰 케이스 iphone6 럭셔리한 pg6 전기도금 ipone6 요즘핫템 셀,"9,600원",https://cr.shopping.naver.com/adcr.nhn?x=6VJngrEwx4hk4LLve7hayP%2F%2F%2Fw%3D%3DsaTOwfgS7nU%2BoDrLZ%2BLTmbeP9rhigJVKKnIPecszp%2BcUk5sT8b7%2F%2FeiMUFLdtYe%2FtrlhoFHNu7iTJaVBEtqP1jywNGUGnI0U6UJ%2BqiX%2BH0A4zBb%2F%2BVa%2FpO3jPlYtHMxZfVvtxD40hMAxuH9cj4XbRyPllpa1mjfFfIOd0Cvm1kzZN5yO3Sjr43ewKflGN9F4O01Q1baqgamLQsz8y90S2koHFo5lmexyqKqlDNkovGkfUxly3cuYh1QiXIM88hMEEtoJQYQPAIjxGoucYQ1fBBoi7LEUs4hI3sAivSNrRqa7OVy1EEqn8Gp7rmMheB2lhG6kTS9poNeJKtP6j%2Bn%2B72cv%2BjB2erv%2BZ%2Brrs5VHOiTRLlIk0uAh1LVcUK1nkYRMYHVutiIeEqf2Su%2BIOg6uKfmtdIN9FgOPyYX31IFO5J%2BfB3c8Va8JCnWTuhJIMDfssMAe9I63oeUQrZj810O5q%2BlsEKUBtXIFzs%2F5EMU7%2FuZHU34v7xmYzQ3HxujbqcX%2BoYgMIE9EPlI%2B5tvluFeoacsAZ0dckRnSNK7YudJMKlqycx2keXdsNdpjwqvUQxjJiR19Zthq8brREPw8ZkY%2F49BiuuSKvWTQurqsQPDUpZDYF6bIg6TkOn0CxVnBLyPwbvh6XDBHo3vZgp5TQvE1fGyK2Fuv6xJLojUfHb%2B84p9fL07boOLwoxL6IajskM%2BfZ0cQSHEBuUELyAnybVBMqkWi7v6btjlwRTxjYpCpXb1ZoaKZHilHbuauHUigNM5KA&nvMid=26635136663&catId=50004590
해외iPhone XR XS용 Glass Screen Protector 전체 커버 iPone 6s 7 8 Plus Etui 범퍼 액세서리용 Max Camera Phone Lens 케이스,"10,010원",https://cr.shopping.naver.com/adcr.nhn?x=EJu0nFEj9%2BN2GQHUqso6VP%2F%2F%2Fw%3D%3DsoBNr%2BjMmyNUsgANwzNfszuXGqw%2FQzA%2BC9OcsxQ2TJyEk5sT8b7%2F%2FeiMUFLdtYe%2FtrIx8IRyC6hGbXzfjzOpCbSwNGUGnI0U6UJ%2BqiX%2BH0A4zBb%2F%2BVa%2FpO3jPlYtHMxZfqGl9X%2B9xscGDhfKbr9va4WFEV98CfAwi%2FgpsOD1fQ6CLZg%2B836fvR7S%2FYhR6nHLL1AfEVnrbNskYiBtQsnElVv6LQ0RmvVNgBoNjCCT6yMU%2Fa18qhDQ1A%2FKJp3fgBDor391W%2FC1w5SVs2sYtTdFSehUjyUauyYHp8iyEisTqyEyIJPHDbSnGeGgiog0B9u%2BV4ubT98UAcsVDlv9en2hOZdW9GW9eIVWBycSwhkHGCRAXKOmCdl%2BLRQvumzzUGA5cI1zrVdpgHy%2FRozpmcUiaIykeBV8EagB0cDzyMbMKFQCACV0oB%2BtNbleLhYp6lsVDPkbIz9Xmpi%2F87iDhuTzMmXhvurxonM1AHe%2Fty4xctSmcPKjFeAFpFIOTrisWQDtNqWGFMqILM3Q7rT074MU3ASzOK8jQhcCM7RJ%2Bttg5LYOrKoabM7ZT5cqaABfX40s2tBnlwYM%2FIlDc3Ekvd9k20FdznR4EhPC6BI08fc6TT2xWkbDrUFJ2hBG8QaB8WVzn&nvMid=82297868748&catId=50004594
해외럭셔리 다이아몬드 케이스 아이폰 iPhone 12 11 Pro Max 프로 맥스 X XR XS Apple iPhne iPhoe ihone ihpone iPone iphine 6 S,"25,400원",https://cr.shopping.naver.com/adcr.nhn?x=o9Hv4wdF%2FU3CPaIaCem4gP%2F%2F%2Fw%3D%3Ds85HjYjpewtcx%2BImMW%2BbfB92WfDZ9z%2BtLjF%2FDn6nWSog3BcvUvmPg%2FfSMhOlAFyTZVijA9fTSFWN9RMtNa94MnKpTjNpxEVINxTJLOh8zMeDeLTa5Fgas1TDZ1vrFc6Td1lHGib%2B3AhgvK3bUYasBk26IdemuhMaRXNFs4t7grWz%2BdsI0oBV0GFufH9Q6MaoxDUOsSga8ev7nr8JsCZz8K%2FgNEd1X2YOPwjBvVDrC66F%2Bt10HjzBndbesdCYzyKLuwoMO2rUHV0VpYXRY8QxdiWxAH2yXkbgBIy0d8p30shQGijKCGb182XhS43WxABxkXNrs9In8TglEKKdMNelS4N9%2BKy%2Fm0d%2BgYWHtEf61Jo4AUk0tbEb%2BPaAR8Zvsauh4cRtLCDR%2BejUBjCK%2B5HeEOHWd6243%2BtolzT%2B1dPr%2FON9XfqiCwBtPYYwEdSt6i2JA21uss3ahw7U%2FxnIZDlR6C48xfpgAAB1gEDkrKDLCsEANjtB9zoCsH14Ltqri4eRd1%2BbxT0iPAVclSmeJx6V6TxF2o%2BaAIWIuOFEOcHcdUdpCYuowEzYVJZDEiQgmExqp0pcXTfVs12t8kKXNGvSHQyyc4N0QDLFtGsj%2F%2FBpVNJ%2FXnov0eUzNCtUiOUAY%2By6n20ZsY3oxMVdaUoawKaYkdyLXkcSfxui8ZjaeD4dNcvEaIbT4wPT2RVq4kndhIVrU6lks9qA53GQ7euTfVGBJdxABpD685HXLiA3%2FsNLr5WTLVWGr8fvvH1mWvUgXPK6j&nvMid=32950128460&catId=50004594
해외럭셔리 다이아몬드 케이스 아이폰 iPhone 12 11 Pro Max 프로 맥스 X XR XS Apple iPhne iPhoe ihone ihpone iPone iphine 6 S,"12,620원",https://cr.shopping.naver.com/adcr.nhn?x=cwWL4ztTzIlJLPVYWJsR1%2F%2F%2F%2Fw%3D%3Dswxux8ct7%2F00ORe1PNoQunozr33Iymu9n97Pl0gIDajEztIX05o%2FoiFziZ0urMWO9aG2Oz9mVL%2FCB6dbviw99Iz3lyQCFLoRJr%2FVa4wEnInh5o%2FCgdnAb2E4txqbbneLsy7WsjvL6fGBruqRzbSMBoQdLXoybizBOVFY0bnGAXBtTnPcaDhTvlnYTIcOveK0vxyGtCgCw2r8yFGKTMTk%2BML0T64VR%2BYLZkHLGS6gcCm7Bz7%2BORHa%2BX777%2F5U82WuFJalQWLHVwrcOpGNcAqnm2PoOsH5RsmT9Cf5TngX8VDldrU9gBvTOY8XVxGgpGxxdCX6VMMtVhVDV1gUMzqvisFq4iXIbpV96wLFczfhdqtJIoF12%2Fu6zD9KWBPBSA8DKnibViCgynDuGdsH2B3%2BnO7AVFuMWVuDt5GNIBNUf%2B%2BEtIPnSMYZVFN%2BNvYyJV0Bzsrlva%2F13Sbo36pxaoT0QZDTCR2h1GgjaokvANbcJsH5iHQ1u0C0H4oa1yNiOReV2wBxl3ZrQ35VusTM0CzG3jN7utveut%2FiJUeGJZjNg9ODL%2FTNeDiebhWcduOZucFWpuNJiAOGJpUQ9U2LBTjOBqMB%2BF2cMq6dbKquCO9%2Fpu%2FRhUeD7yh49V28yQVytRwLMBq7h9PA5SrIXrcWPClBGWw%3D%3D&nvMid=83400079322&catId=50004594
MATERXU 연장 플렉스 케이블 IPONE 6 6S 7 8 PLUS X X,"11,610원",https://cr.shopping.naver.com/adcr.nhn?x=ntMsr45hIjpgtKifbSTmdP%2F%2F%2Fw%3D%3Ds6dbvrtnOBa2upStPzUN1hCG9%2FeUeHPYq%2FXsApJEunRwk5sT8b7%2F%2FeiMUFLdtYe%2FtpiJMgjsv1%2FMHBysNN5tqnCwNGUGnI0U6UJ%2BqiX%2BH0A4zBb%2F%2BVa%2FpO3jPlYtHMxZfwzf4qyglwKW9aB8pr9dcuggOTRQTQGShpeJTWgCv6VzT5MLaLCnmhiS1t8jLHFTw0cbyIF5nBr%2B0jkYXdAStNlrgoWD%2F%2FO32aHGufTnW%2BosgFXQDhsabUHukiURKLQn4B7P9jx5KZr1oy9qstZx7mwv07u1KiAiaiG5Lp7Os7qq5sdhe1PHlwPvlCdK19oqOV36ogsAbT2GMBHUreotiQJKLlAhgirGByNJMIz9jglWN4bUz2QkNYnjcio5WP3Zanjo9i4zAHTAOJrhFggpFRoxO7p9Kzq2XGSRx2jHP997p0m4GxU2TLIPUtQFAl6kF03nuiCyJWTSixXJKVAwZuAIgP5Og9Y%2BHf82AIlq7tOhIHfIvWsV5snLzeZwV282XuT3LHYsTijPOJ38PlOyCuo6R%2Fq%2FA1ePrKrQh1Gh15pguzhLxcjjuessT5PZLqRDzWsl5%2Bg4luaQ7gEP1gxuYzQ1QmAmnoJRdq4K9btjkCM0%3D&nvMid=29515582472&catId=50000252
해외복을 부르는 아기돼지 폼폼이 아이폰케이스 손목 넥스트랩 6/6s 6p/6splus ipone7/8 7p/8plus XS Max,"22,500원",https://cr.shopping.naver.com/adcr.nhn?x=jJsOKV2oencC%2BbdyWhO0Jf%2F%2F%2Fw%3D%3DspsolOP4sW2CZVTLfdceuIn9CAin%2BuDjiKzOQ1BIAUc8k5sT8b7%2F%2FeiMUFLdtYe%2FtGCDIrk%2BAMKwaJDS6nguRyiwNGUGnI0U6UJ%2BqiX%2BH0A4zBb%2F%2BVa%2FpO3jPlYtHMxZfqGl9X%2B9xscGDhfKbr9va4WFEV98CfAwi%2FgpsOD1fQ6CLZg%2B836fvR7S%2FYhR6nHLLu3sv%2BuJqKYmA4u0%2FOniKVf6LQ0RmvVNgBoNjCCT6yMU%2Fa18qhDQ1A%2FKJp3fgBDor391W%2FC1w5SVs2sYtTdFSetOtMCczUJXWCMIDaszvyEmE72vWi8yR%2BYxW9MI4qldL3LJ5Itb%2BQvrHnOLLHjSagHg2SuCmwHD%2BR%2FyKoCKmXtVwv%2Fu5iaP%2FLJ3IyNvW2T4kFNVb2xPXy3Ccqqaimvum5i%2BhmG66RtaJ%2Fpq%2BNwSb2vsqj1in%2FCAXqytz1MwkeerotKNkheVzrpHTBw6Xke3iZT%2B3OSsoNKTYkCM5aDtGljx%2FkwDej8%2FSpcD3TBFRTCcXX6TdvbG1nEwwADdxZy5ASFfgYty8zhtmIevRgvYe%2F0NNeZai%2Fa%2FBb9ONK50AXUDlO9l0iAGW20UQVpgbb1xSygoPOJ5XGUdk50TuHTuTrlaOxQYLsfWA4npnKR2XaFYTtAGOdOpEMhpf8wT2C2Kdtgau4fTwOUqyF63FjwpQRls%3D&nvMid=81842417464&catId=50004594
해외iphnoe6plus 하이드로겔필름 ipone6spuls 강화 필름 a1524 풀스크린 눈보호 시력보,"7,460원",https://cr.shopping.naver.com/adcr.nhn?x=AkCIo4ISKDMy9gVoXMYXLP%2F%2F%2Fw%3D%3DssKJWAiJAB6cmol4%2FyFMQxfioDYBNAFK%2B1HvkICWpbCPRce3WXgamt1W4XLvMBOvjvqu6IH67aZSYCxBh8hWsLiE54izk2RIqG8Dy3w3mkLUBeuR9tO46lAFATtckjJ2J22HzD9pkAazHW6dmyYuRaJouF7DsnakqXsUCcAZMLosZlFZkoSY0LcCyBe%2BxOvQGvcXuURjB1T7c85Wj3uocsd8eQhcOIS0Z%2BymY2GVfgna4z3TQqbmbixIRDJaKIZx86ePyVwpC0Y56VFuefFKuYXdG6jGabR%2F%2FEz%2Bs4Au0JCBqkpXtqekqXiFwTDp7XbM2J9GZgBB1g9LIkLa1fZpJk1Vd6Z%2BmZ5fvTALbBBPmfKLmnGLANk9TjQtjOEdf9xG%2F2gVaYUcIIjoEGkLKMaJLEIT%2BfRQDlgoXWqdKpI6OukVbXDpeTt2L7J7skC9trLziQ22II1lBjLYKlZAdTKMgQ4wefsEME1qpc2agpsB5My8dphJaPWdnqObggpQawuLKWqf5IfX%2BVEqc%2FO2OS2vd1bRXxnZEbXMCrpNL2Sd7wzLvGnG17n2N34tYgSSMzhCnJLGfOMiv4LIzq%2FOFVoVkwmTrQGsMMTwRDppT8l730krA%2B7rP2FackvYjcLOB1VJYG1fMlgzr4MlIMieOLLVe9lmcF2xDSs10SDjowE1gvU4SkcINr2Fmm%2BpGKnJMq8l0G0VS51msUb7JPwXWXf5zvjQvOvlYCLcGSeNzxQR%2Fn3eCqA6%2BrrPkSkQjk3bFq%2FUy&nvMid=28145683898&catId=50004595
해외럭셔리 다이아몬드 케이스 아이폰 iPhone 12 11 Pro Max 프로 맥스 X XR XS Apple iPhne iPhoe ihone ihpone iPone iphine 6 S,"9,480원",https://cr.shopping.naver.com/adcr.nhn?x=L2zmyH%2Foc0Wl43HxCfyp4P%2F%2F%2Fw%3D%3DsWew8AGM7C2sbkcYgwft%2Ftk1KU7QoKkcH9VWZsyF2qpvRce3WXgamt1W4XLvMBOvjr7q1CRbHSsUjWmm1JttHjCE54izk2RIqG8Dy3w3mkLUBeuR9tO46lAFATtckjJ2JiTGdbHvqTnQ8SDSfceXwKUuG%2FicFY3q9hGdjro9%2BnxR8bt5s5%2FTWsuJKo%2FKygkR4UvqDQU9jd2%2FVwn8sxW1twoOojailzDcYcXAk6KPptCRr6kdrp7BvT8OlwZ7P37YyZp%2FuhVWf5tMOyu5R2EADu1SHldLJu6OWxNiVTzxR4xYaIicU6bcw67jvSsRGNlFeVGqX%2F7RC8oUYHAErwAvrrZ9QajYqZlNqwOSnaFZG08uhGF%2F4KdetGgSoNkXbhLL73mmgCpYROSpEVGb3bk4YKftGmt4%2F7C7pLGi7bYbXHNtsGhMQQirOk3XwJtRWir2E7%2BGB3esAb8Bl1hCvfQF1OEbGj%2FzFatCc46b1vflkRw0TJoFOwcblJPwZ6NeJ4um8pDGPiiHthVOB8oJ5%2FUCjPGOV4g1xcAB2HyPqBEmSKJ%2BsGvSZZnJA2yQCVBBr3HxB6ZqHR5fLL6DoiA%2Flpa51H5nuaTbkJnVjGPdRGpi4f9GNrn8wF1MA9FACxjsHVQS6HRyPBWbUFRhWScTsgQynPg%3D%3D&nvMid=83531865617&catId=50004591
해외pantalla protecor 아이폰 6 플러스 ecran 가드 vitre pelicula vidro on 스크린 ipone 6s 플,"9,700원",https://cr.shopping.naver.com/adcr.nhn?x=3VLtBukAlw8RRWqgVy5usP%2F%2F%2Fw%3D%3DsJWVQFb8%2FQO6YDH%2BPcNW47ag4ZAaSA1%2BCzyVvn6qoej%2FRce3WXgamt1W4XLvMBOvj2Kx496ZyQby49O%2FkZWSxfCE54izk2RIqG8Dy3w3mkLUBeuR9tO46lAFATtckjJ2J22HzD9pkAazHW6dmyYuRaJouF7DsnakqXsUCcAZMLouBNwFdpriPd0rGNZIqGniYynxGXcZMnN0Thm7xynFz%2BsOcosxQ8tDd%2BP5xvhCfzwa4z3TQqbmbixIRDJaKIZx86ePyVwpC0Y56VFuefFKuYXdG6jGabR%2F%2FEz%2Bs4Au0JCBqkpXtqekqXiFwTDp7XbM2J9GZgBB1g9LIkLa1fZpJk1Vd6Z%2BmZ5fvTALbBBPmfKLmnGLANk9TjQtjOEdf9xG%2FeOuJS%2FScM5qBaVCIkOx8TIT%2BfRQDlgoXWqdKpI6OukVbXDpeTt2L7J7skC9trLziE1%2FAdu4ZJeIF47W470Ag%2FowefsEME1qpc2agpsB5My9it77LFAH6nhmIib%2ByR%2FJnh2iWdM6qM6Zn%2Ba9E0Lxe4rXkgq5w%2Fkj4%2FQhg7zmXHjie%2B74zS9LvTHbKJevDVl6iEciuQamgH%2FnFH1c3SAGA%2FFuSk7EHL3S7i9rhP1h669IkMyPUPXhOAXMQEbjLjv13q%2B1QG9%2BhKxA%2B8QzplZRlOv3X%2FIX4qyV21x%2FjkR%2BBaUPCaAEK335508tj2%2FMPto47A35CyMrpXQUt3%2FJvHupy5s1ITc7NlRPvorKrNyQBKaY%3D&nvMid=31817464522&catId=50004595
해외지문방지강화필름 강화유리 IPONE6S 고화질 A1700 풀 2490998047,"18,400원",https://cr.shopping.naver.com/adcr.nhn?x=Dv72OMxTtH8mni%2Bfa%2F1Czv%2F%2F%2Fw%3D%3Ds78jS0AVlspQdFBJiuq6iK0O%2Bt1U0nPbu3N%2BAgMl6lhvRce3WXgamt1W4XLvMBOvjp8%2FrnPe19c1M4X4hWYxpXyE54izk2RIqG8Dy3w3mkLUBeuR9tO46lAFATtckjJ2JJQeg3GLBZl2DAA2Nul4i2NVKLstGdfCbW1OHdYi%2FCc5qSKtCe6c9kJx2ECTMn2luA8U3woRRDj6WBSQCZHqZWnfjM82OU5MSrDKVc8pJ6Yf2nxlLAYWeW3kCai6Qy5ttTt9Ok8a%2B15r%2BhwQzaPNvZIBsJjzV%2F3vl5Lmd9HbkUGI%2FzdYC%2FwYAihDQzAs9Z5v9O2A9bfifzV5JBiNDWDgJwJLeHnG6aMcNxsMW0%2FXy9GIRPo3CxjqOctCfVzcrf%2FwwdPiFCq2P5mCetjlDbCtu1s7p0quvfq8Jske%2FUhjCbuC34c43QJwRPRiLq%2Fj7zQXC9ciJpslCtSbKdZq0lwUpzkMr3XMjxwxrZFJC0pu2CkQHqX6naVtwF0KHwlDCvMwyYl4Niqya%2FtW8L4zQtycK3rbNfdx%2BoKoGWAPJN1L0QVzCcbUGSSLWl6QCuXrfiktvfAl5dudTqZlos35c9ihFnHhwSiSvukIDcdlhzSj7lHH0Mo%2Bwp4UBYEK1U6J2cc6pxyAhEKTy%2B0Zvtn8oYxIR0Q%3D%3D&nvMid=33754495330&catId=50004595
해외애플 아이폰 6 6s 휴대폰 케이스 iPhone6plus 여성 레드 컬러 ipone 큰 레드 플랫,"8,950원",https://cr.shopping.naver.com/adcr.nhn?x=NTu%2BKejI6vML3pN5i%2BGQoP%2F%2F%2Fw%3D%3DsLxwqAh8w1S2NVH20BIXKlFUXLO1edfYHCxRZ76Dat5Ek5sT8b7%2F%2FeiMUFLdtYe%2Ft8rKUGmAwl%2B4RGUrumYEoRywNGUGnI0U6UJ%2BqiX%2BH0A4zBb%2F%2BVa%2FpO3jPlYtHMxZfVvtxD40hMAxuH9cj4XbRyPllpa1mjfFfIOd0Cvm1kzaU0zh%2BpwX%2BZ8t%2FbQhWxz%2FI3OmyipAgq84MFW9jqln5hSFvFjqDLYhrKnxJjCRTuXxfiMGbO1EGowFalm%2BA1uK6toJQYQPAIjxGoucYQ1fBBoi7LEUs4hI3sAivSNrRqa7OVy1EEqn8Gp7rmMheB2lhG6kTS9poNeJKtP6j%2Bn%2B72cv%2BjB2erv%2BZ%2Brrs5VHOiTRLlIk0uAh1LVcUK1nkYRMYx0RM318t9hg5q4H0skQ21H71CWVR3iFXgOifazqs1mPB3c8Va8JCnWTuhJIMDfssB8COaFz8%2FJ7h6XHVUztjUQus6xqaeAaaEmx9PXf8pTnU34v7xmYzQ3HxujbqcX%2BovxIxLccKgFdAyc8M5gLbmKi9zfdS7NiepL6yobGI1uMyA%2FghvQTturD%2BO7XtHqPgvitr%2BoxXR61EWHcAJnG0%2F7UZto79bRtY3F1NvDYOewyvWiqOgJolPZsGerCC2XnlcZXGSe0rjZN3sIEz%2BASC%2B8wgYJzNN3HY%2ByOBZzGM8PgaIbT4wPT2RVq4kndhIVrUXM5P7FVYdhQzijnoq6K52OyIMKcE17ta5Hx0Tf3k5J3LVWGr8fvvH1mWvUgXPK6j&nvMid=31101559125&catId=50004590
해외iPone 6S 6S 7 8 Plus XR XS 최대 보호 안경 전화 부속품,"9,690원",https://cr.shopping.naver.com/adcr.nhn?x=EXotXwm%2BBjCKzX6s7BZ%2B2%2F%2F%2F%2Fw%3D%3Dsu4dns4GJkJoicnS1Dtzs9ZZt3Z7yJSGtFEYRkf7m%2FkIk5sT8b7%2F%2FeiMUFLdtYe%2FtEtyXmdX6VrCLINW8RDV3cywNGUGnI0U6UJ%2BqiX%2BH0A4zBb%2F%2BVa%2FpO3jPlYtHMxZfqGl9X%2B9xscGDhfKbr9va4WFEV98CfAwi%2FgpsOD1fQ6CLZg%2B836fvR7S%2FYhR6nHLLLJjR77XDZYqULCCkCbreuv6LQ0RmvVNgBoNjCCT6yMU%2Fa18qhDQ1A%2FKJp3fgBDor391W%2FC1w5SVs2sYtTdFSeg9vm9A41AbE9SQlUuu6WMqIJPHDbSnGeGgiog0B9u%2BVIXNlioxxNOwvhdFmlygHTLAhZ4VOUuw6ND0wR6%2Fo9a8XKOmCdl%2BLRQvumzzUGA5ckZD%2F84wubtJ2qb9YroG1C%2BSzp35XbHcmktO%2FqdLNFjLUUtmsDjc9h5zk6%2ByHSZhYXSisDDVO%2Bvq7iUvchhtintPp9%2FW6Jw%2FotToMLHsyP1Z3YPWIbsq1XshfUMpEzSypq%2B1QG9%2BhKxA%2B8QzplZRlOpVmJrIYXlhT1nduIbiStRa%2BywzZI4DZnw068nhhyz6dwAzau4Uq1lJSFo0yvQ%2FeH4VsN%2FiAcjmtIwlTUFZwg6A%3D&nvMid=82302653180&catId=50004595
해외INGMAYA 듀얼 USB 충전기 2 Port 30W 퀵 충전 3.0 2.4A IPone 6S 7 플러스 아이패드 삼성,"20,570원",https://cr.shopping.naver.com/adcr.nhn?x=WK6taDBqg8iQ78qyfdBgw%2F%2F%2F%2Fw%3D%3DsRdCZcSDlhn4a5fs1zim28V3JMy%2FsEQnCLPPvdWEObbsk5sT8b7%2F%2FeiMUFLdtYe%2Ft2uExOytSYVGckvIH%2FqlJJiwNGUGnI0U6UJ%2BqiX%2BH0A4zBb%2F%2BVa%2FpO3jPlYtHMxZfVvtxD40hMAxuH9cj4XbRyPllpa1mjfFfIOd0Cvm1kzaQQDLJHlU53cLJgCFdta2vLzjycCrAcsiCKe40fqHpc0CKTmFl4FvXgQLmWig49DVfiMGbO1EGowFalm%2BA1uK6toJQYQPAIjxGoucYQ1fBBoi7LEUs4hI3sAivSNrRqa7OVy1EEqn8Gp7rmMheB2lhG6kTS9poNeJKtP6j%2Bn%2B72cv%2BjB2erv%2BZ%2Brrs5VHOiTRLlIk0uAh1LVcUK1nkYRMYPtuzphlBEgwO%2BYOPuDlrtmtdIN9FgOPyYX31IFO5J%2BcIWTGXiKtP69bp1LAqGTlkmOLF2MzG5HITf8eFi1JCVyaKZAiky5zaV5fbkV6aXZsZXQU2NvW9pmVY1pIM%2B5CdRBXosJrYiGZNhL%2FBFmh5KCJ6wSbrs59yqSo%2FoEK%2BScvTNRIqXZ1zLu2lgDRh2KTAj2N2qhe1ETAxLqMzN2rOLsuyZbHr%2BAHHi5Hl0wfQU6udz1duMG3jCCAgy4%2BYKpRNr4Id9W1tJsZpbsnYozAL3XwJeXbnU6mZaLN%2BXPYoRZzvTFo2o%2Bg3%2FhV4uifXS13qHQdl%2FVNn3o%2BGuDFbc4geLMcgIRCk8vtGb7Z%2FKGMSEdE%3D&nvMid=31854306897&catId=50004600
해외애플 아이폰 6 강화필름 iphone6s 풀스크린 6splus 풀커버 ipone 측면 6sp 의 ghm 충,"9,700원",https://cr.shopping.naver.com/adcr.nhn?x=0eMFQdW5piBQx4WNgMUa7%2F%2F%2F%2Fw%3D%3DsJztM6T1kOauXtlDhsubKLwLdGB8DUU2%2FofwMVSqozeQk5sT8b7%2F%2FeiMUFLdtYe%2FtX3CR7Qh9Nj8qz9aZmtNrvSwNGUGnI0U6UJ%2BqiX%2BH0A4zBb%2F%2BVa%2FpO3jPlYtHMxZfVvtxD40hMAxuH9cj4XbRyPllpa1mjfFfIOd0Cvm1kzaUTAkMFEYnk9z46j1lH5nT9XQhS8FI1N5k2q%2Bij04fSuNveH8gOkh%2FSC22osXb0Y6DaJsurpiCZnZERRFJlyKutoJQYQPAIjxGoucYQ1fBBoi7LEUs4hI3sAivSNrRqa7OVy1EEqn8Gp7rmMheB2lhG6kTS9poNeJKtP6j%2Bn%2B72cv%2BjB2erv%2BZ%2Brrs5VHOiTRLlIk0uAh1LVcUK1nkYRMY4w4T4MefpwBIUg7ZXlDkdzBTWvY9lZNjZxj9CMFskHPB3c8Va8JCnWTuhJIMDfsshkyULPHjgrucNY5CTL7XODafJQ46%2BEEAmwhLNTFYSrbU34v7xmYzQ3HxujbqcX%2BoJX%2BLQnHX00BFvEy2LCd82K4WVIT5Z2DSCRjwopUpLNvRFpFNB1H6Fbm54YAbMvPgHfJdCTrZxkxh4gnb7rh843kvNabCfJDDvZif%2BGQeg9H0jDHGzJ4vWT%2BgL6MZiWD3oc%2BrpEHxca0SlXw5CwJUKCmotemZ5CBdIs4tnkH4pG%2BPBimPDZwOttZjcrwUclZ9h3Do0Yx69NJutw3qCCnlpr2B9gHH401NZiJB6y4fwfxoaKZHilHbuauHUigNM5KA&nvMid=30886725248&catId=50004595
해외애플 아이폰 6 강화필름 6splus 풀스크린 커버 ipone 전면 i6s 테두리 보호 iPhone6,"12,040원",https://cr.shopping.naver.com/adcr.nhn?x=EbxpnIU24mPYxKumN3YKHv%2F%2F%2Fw%3D%3Dsj4IzPHWynlHUjbrw98%2FDKrg4D9HxyVm7o6EVrxLYcbUk5sT8b7%2F%2FeiMUFLdtYe%2FtapGdh7MoiRmzX1NGHmWdniwNGUGnI0U6UJ%2BqiX%2BH0A4zBb%2F%2BVa%2FpO3jPlYtHMxZfVvtxD40hMAxuH9cj4XbRyPllpa1mjfFfIOd0Cvm1kzYwNCCFY0khZol9x5W4rb4vEhCmE8Prt5ET%2BU1XjyqPnsjkW9pUcibo9ZIiUEBGSo8isdFPse1PG7sD0oyIc%2FXxtoJQYQPAIjxGoucYQ1fBBoi7LEUs4hI3sAivSNrRqa7OVy1EEqn8Gp7rmMheB2lhG6kTS9poNeJKtP6j%2Bn%2B72cv%2BjB2erv%2BZ%2Brrs5VHOiTRLlIk0uAh1LVcUK1nkYRMY8Nf8iQ44onntrC%2FK8k0cA0iIEa2U9%2BuEbWNRcmwPsijB3c8Va8JCnWTuhJIMDfssemYzHLH0nYIcM4o47KuGqRoiOV%2BD8T18Bwg3Xr%2Bt7kPU34v7xmYzQ3HxujbqcX%2BoJX%2BLQnHX00BFvEy2LCd82MBDB%2Bw79Rv0YYB9Urt5k8n30fnoY7%2BuEHaAnynn6zjY0pKnuo1tpa%2FB5dZaSLjvmAZqoJP2niORx3r9vIpJXbRlCxNHueQPb6p%2FiBW6xS2XuwiBP%2F3uiNqey7tKURnoqhKwUE11Ie6SOTQInK7ugih8CXl251OpmWizflz2KEWcMLyYG5iQx4xUz0ogq6LtnbIQl1E4VRwGE74sXHZ5JgDHICEQpPL7Rm%2B2fyhjEhHR&nvMid=27157392914&catId=50004595
해외[해외쇼핑] PatDow Long iPone Charger Cord 6FT MFi,"37,500원",https://cr.shopping.naver.com/adcr.nhn?x=nYQN2AeoWKCwmpd9BJE6%2Fv%2F%2F%2Fw%3D%3Dslg09TXnpkocZyETK6TeZ6eaFD2i2e9VeBhQbZ9vVUofRce3WXgamt1W4XLvMBOvjauUxyIvjhf6vpcxxl58gnyE54izk2RIqG8Dy3w3mkLUBeuR9tO46lAFATtckjJ2JYmin9QjtAwDySN9yZv8DNL3qJicxYZ6TgjZNkWwAHL3kpOn20auKOkB2EFzzDapmmrWXGnAMlQjtre1TJsshg0E%2FA1sN5JVbZSNFVViRMDhlFutjvYATBhXmwhCWRibekHVCo%2BA%2FI68R%2BlkkuuHiKWWkGSHu8LXGGAGWbgktXA757GlN44pqUYGp52pgZ%2Fi%2FEIZJB1yuP5kkcuYnGBP9u7WelZn30%2BnsWEyBgKqEvi5Xz40B7i9izOr15MQd%2BmwHV36ogsAbT2GMBHUreotiQIgpbXxjdowL1HErpmvAaH4GsOvMRR92MXS%2BPNYDpSmJxn9jzwq%2BWH65Bp0ne3tmVjUFRMxlmN7l9jRDN4HT%2B1TFbL4%2Fafjhi63mWe6DK8JTFiTmYIGfoLDSBd%2BccQnkrQk2tV9gLH1PXsALSQDCtbKdlRWNdEjEeBf1y4OLFx9SZTc3SRYJKEdTDi92W%2BhFhbYeKi8dmoUpIg%2Bu9FCGjKBBfvXOLUYuRV9%2Ff%2BOTtQKoV3OdHgSE8LoEjTx9zpNPbFaRsOtQUnaEEbxBoHxZXOc%3D&nvMid=30478588379&catId=50000252
해외애플 아이폰 5 5s 5c 6 6s 플러스 Qi 무선 충전기 리시버 카드 Ipone Iphon I6 I5 휴,"13,640원",https://cr.shopping.naver.com/adcr.nhn?x=PtR5bfJ4%2FBX77Dodw4XMSP%2F%2F%2Fw%3D%3DsjVY2zmxRs2moTB0ckqKUqfNZ9Dqw4oJ9nD6q9gKbyjU3BcvUvmPg%2FfSMhOlAFyTZFbJG3OvPPrlwbumbUImMRqpTjNpxEVINxTJLOh8zMeDeLTa5Fgas1TDZ1vrFc6TdQOBk8vYbjYdoIheNlfPBJ2m2qNT9s19RcV%2FLq0sLCrn6olvJjp7XjFqrDPNcsebplZXILSeg8HFzLWHYiN3whgZygCgafdK6IVTuMzyJIJHNYTCUwBGacQ4RaLRTiRxbIOlbMsuKyCmuFzgBcKIaTWhClBENmk927HICI6BGv7BxAUuG8VoVhP7AA9D9PzSwXNrs9In8TglEKKdMNelS4N9%2BKy%2Fm0d%2BgYWHtEf61Jo4AUk0tbEb%2BPaAR8Zvsauh44E%2BD3HGjElKsL9eTjKFzQW%2BPHTiM4l8Fry3mMs6RMJ1%2FlLnJwMa7Bt8R2%2FUDqQrClCizAETHasGeGFTT1c52Gcg4VTzdOHutiryQXVKUUz0Hc0TlVyo%2B9ALAlQVTQzK%2FetMMCoZHIHBQT347DwSLdYQKmMlfAJD3Gg7ml42U3gEF%2FD%2FmBOD1tjXO8caY1R2XYAJHAUh0HuJNKqEYm19g1aFZ5503JePtgRy80q6uWCNwoDDnURauTMW7XShiNh4CpwZOWktBbQXc%2BsBvkmFnuoTd85Nv6vLTTapOAgjcFh0ugiDh5S8n%2B7Rc0MeNuzgdCfZXLkWyks7hv8%2FUuCflO%2FjVWXY8K4Z7iGeoQbjRWmbke%2FVP%2BgM94BPZkP5YJ%2Bex&nvMid=31812792089&catId=50004600
해외휴대폰 적용 사과아이폰 6S 핸드폰 IPONE 충전케이블 공 SP 4720950147,"45,410원",https://cr.shopping.naver.com/adcr.nhn?x=IE%2FGYLCHF5Fm8%2Ba0BU4PMf%2F%2F%2Fw%3D%3DsOoEsxdB3qa9zYYftuwx3%2BFAlTHMJSVH%2FmT6sUzU1B2g3BcvUvmPg%2FfSMhOlAFyTZniQNMybW%2FFp%2BuT78T7KGe6pTjNpxEVINxTJLOh8zMeDeLTa5Fgas1TDZ1vrFc6TdQOBk8vYbjYdoIheNlfPBJ1VYZ5bt8C2qIgIK%2BKcb50OQ5Hn22Pw%2FjgdMbqt66tJcJ0jYVH6Yd%2B%2BgyxHsXWcL6P5nPUsexxDIw2FgE1XDIDBPkoMHZf%2BlFTdoL%2Fq%2BvITskSdmHk0%2BKhHiajgYKVRTiEPg%2F6PYJW9LpCSumzPJoigK7CtQzZWLlur1%2FFge4%2BEp%2FbutS1dJ2XhLdl%2FiM4%2FSDS6ICMVFXLUGrVvQerTwlgflp1VU53fqxlKTBT%2Bu6wKCnKS1y25q5098pqG%2FiLZ1AFqvRTiM1BB9CLtT7arGFejZjZoCye22pIfL4WusCQ3UyjCoC0CWa%2BbD45sEOkWPLvLDayV5JvH2cfmIviIAtrob%2Bp%2F84Mw3u0P5UOk%2BsmZp0snlqqTnW%2BgcKZguHXNA3jNZE4niKw6tslrJEYimgfh7eDQoaMYdmQ4E04ExJQ6yRxAKwJd5tXyw3Dzsvk3IN8vTtug4vCjEvohqOyQz59lo2ioWMGOk%2F2rMSUzxeoHY2Kwjf11v2LwgzaE3JP4R882OqH9l6YII5ugOGfB4CYY%3D&nvMid=34129077174&catId=50000252
해외휴대폰 적용 사과아이폰 6S 핸드폰 IPONE 충전케이블 공 SP 4771698410,"35,730원",https://cr.shopping.naver.com/adcr.nhn?x=5mUYZTjU8DO5bs19o4tEPP%2F%2F%2Fw%3D%3DsCxgxuFDQVJ8rtwuv7HPhUpAG3g8Bg%2FgU0AjrCUPyrmgk5sT8b7%2F%2FeiMUFLdtYe%2Ftpow9dU0zPio4B8Xi58ZzrywNGUGnI0U6UJ%2BqiX%2BH0A4zBb%2F%2BVa%2FpO3jPlYtHMxZfVvtxD40hMAxuH9cj4XbRyEgyQmyIV0ghdBHMkm2lyeIq3vS%2BphZ2RUmgaeMcCOPyt%2FpXtCbHqtGkzQTjlo2PlFp86Anl5wF%2BEgIPO579RBiyvepwdymr6rGTRPANNAsn4tAGAagRd2j%2FAJJhxrY008OmY27ZGze0Q%2BtXRlM4OxtarJoVrbEtunAYIkKGowOqRkyZSF%2FV8%2B7MTKGFMLkhaLArwJXBU9JLjUEn6KqhGOHcXuNC67TcBfotLWRBglHQ6Qs1yIaL%2BXMe%2BSGv3YOzbYwefsEME1qpc2agpsB5My9%2B5D3qSDyLK%2FLPvlNXZo0fdyW%2BZisfxxtTNNSgOcJg6fxje5c4CDq5%2BrRlTBVi8AbQX6jpMytqGRaCQeDKHiRUOqkrEquY76pR5BN%2FI7rRsIWvNMn3UdSd%2FZQUviWmuRHU3R4EXGW%2ByuT3K%2BHlJkDkgIOb3GTn7ktMub%2B6GxiQzdmVVgsMQmmcjxwXoIw9Ihaw48Elo6wlH45N5Tk0Ik1FQSBKjsMCOU2lpU0Bg611T4VsN%2FiAcjmtIwlTUFZwg6A%3D&nvMid=34049386549&catId=50000252
해외iPhone X 강화유리 아이폰용 3D 보호유리 ipon ipone iPhone 7 + 6 + XR 풀 커버 글라스 스크린 프로텍터 필름,"9,720원",https://cr.shopping.naver.com/adcr.nhn?x=PXeGyPhK0benx2HdpqY2Xv%2F%2F%2Fw%3D%3DscB6cPwlLFENLiV8YhcxJ7ZRgApVKpBgevR6eTJUS2Lwk5sT8b7%2F%2FeiMUFLdtYe%2FtVOLEyUadV89enR2Z56nefywNGUGnI0U6UJ%2BqiX%2BH0A4zBb%2F%2BVa%2FpO3jPlYtHMxZfqGl9X%2B9xscGDhfKbr9va4WFEV98CfAwi%2FgpsOD1fQ6CLZg%2B836fvR7S%2FYhR6nHLLrNPRw3vphXcpIWxxW%2F2Qyf6LQ0RmvVNgBoNjCCT6yMU%2Fa18qhDQ1A%2FKJp3fgBDor391W%2FC1w5SVs2sYtTdFSesHteKvwCV2V7PUxXPirn4eIJPHDbSnGeGgiog0B9u%2BVIXNlioxxNOwvhdFmlygHTNPF5E2kJXJ60ZGkIE0qTQ8XKOmCdl%2BLRQvumzzUGA5cjffvKFYHv5x%2FSNYTfsuI2aVKxmltIcyKWePchQ3oFCe7lLBgba%2FgYKUFxJmEgHofAlROh2tThUJkIJp%2FgmDT%2FjvGCgRVmS1ikykJG22WYPy6ydm5pP1TnIHsMLh1oseIFEliczolN6qeugEds32k4E4qwKC5vP14pYMK98R5IDL%2Bo%2F5jYtAfwZT1%2BDm4GYP3FFIepDwSyFoiMnRYpZGJNzjA6dNZqaDM0x2K1zrSkrXzp644WWpjEZbfG2bPvrGxDVCYCaeglF2rgr1u2OQIzQ%3D%3D&nvMid=82302656450&catId=50004595
해외애플 11 강화 필름 아이폰12 스크럽 X XR XS 프로 맥스 전체 화면 8plus 안티 레슬링 ipone7 올 인클루시브 사이드 6s 눈 보호 se2 블루 레이 6 지문,"35,300원",https://cr.shopping.naver.com/adcr.nhn?x=TpkIlcXW13Us4qd0rksypP%2F%2F%2Fw%3D%3Ds4U%2BbZDdjAZYno96UTgHxzaE8uld%2FSfLQhjVwgThBzfAk5sT8b7%2F%2FeiMUFLdtYe%2FtMLfeQkM6jA1GKPFJyGs%2F5CwNGUGnI0U6UJ%2BqiX%2BH0A4zBb%2F%2BVa%2FpO3jPlYtHMxZfMEI4VXQdc4Wbe7zCL0Cy8vk3R3ZwURdSz2gSnRvoI6OsZ3xr%2F13uyWgK9JV4g29hM%2Fwi%2FHjyjmGNmyNECtexrQXc0sw4GcIQVuybD4EWJjRc2uz0ifxOCUQop0w16VLg334rL%2BbR36BhYe0R%2FrUmjgBSTS1sRv49oBHxm%2Bxq6HiWFcBaxI5TyA5q%2BSSdzIaS5vtmXF4LJGn5QMvi6P6OEOp2LdD%2BbxXYDmNHXbecDBk%2FvWPwSx3UT5q7KWAw%2BGRS16Vty5wEX%2Fc8lNl%2BjlDcXN6bRnzXTYPKLQs2AhSQ%2BWpSXJ8LP%2BlLICiw3XTybRN1B%2FH79FPdaKShQ%2F43sgw9IV4ISZq6y7fVu4yFeKcRdotZGb1nZ5LgqbfwkMeNcCtJmxykikPf8XT57jVf%2Fx4S9K7sT1jNn9b9sINrHKY8UWmuFWT8iyFlAuxGbrhOHL6PU2866Z1gox8cUFxKAGkrjL%2BDYaqeAnnLTXeOef%2F4MvMped%2FosFcZjqYRWccSAt0lb3aa0sQtAmBnDTy8AQze%2FzuhRzp0jNES9908O15%2BGRGCqA6%2BrrPkSkQjk3bFq%2FUy&nvMid=26691806217&catId=50001378
무선 충전기 멀티 3In 1 무선 충전기 iPone 13 12 15W Qi 빠른 스탠드 시계 도킹 스테이션 애플 7 6,"44,230원",https://cr.shopping.naver.com/adcr.nhn?x=wEOhOLyjTyJ8%2BNH4XEiMc%2F%2F%2F%2Fw%3D%3DsUINYC%2BK4m99pWGjbEErnWDLYdy32Cy%2BwSvmeOSoOQnjRce3WXgamt1W4XLvMBOvjHAu6xK2dY%2FzyI9v9vK5sSiE54izk2RIqG8Dy3w3mkLUBeuR9tO46lAFATtckjJ2JYmin9QjtAwDySN9yZv8DNL3qJicxYZ6TgjZNkWwAHL3kpOn20auKOkB2EFzzDapmmrWXGnAMlQjtre1TJsshg%2Bjg9f20ZuN9rmYxLlxOrjewIiW8Xxb%2B%2Fd1RbbtF7pcTkHVCo%2BA%2FI68R%2BlkkuuHiKWWkGSHu8LXGGAGWbgktXA757GlN44pqUYGp52pgZ%2Fi%2FEIZJB1yuP5kkcuYnGBP9u7WelZn30%2BnsWEyBgKqEvi41ITaWFGF89nBTxapF2CZyV36ogsAbT2GMBHUreotiQNRPhu0LCxjNiyZA1iSf%2B86QZCxPOcBj5aVGxdZc7ivL2Qi%2Be7RWCRnlJq6NVYdJj7ZtD3i7%2B3BEmSBibGoG8lpQlp0xyJ%2FsGRj%2F2LxurMsa%2FHRrDlD7uo79WfSuGyl54zH%2FB9HXf8ckrOF8ds5cGOK7QinTvWJrLdKlj457e7xYLqSjC%2Bj6rEdpadJhd6jVsdsBeDB9%2Bu9xaRYp1hD39vP4Xv2nszjZGo4NPwUWpeR5r0AqlivecxstZMvabfGHK1Ijs%2Bal7B9Lrq3UeNOeugT2lOIhXgbDrUWyaHULLHEHu5sbAHy3Vf4OP0rhXoEob4KoDr6us%2BRKRCOTdsWr9TI%3D&nvMid=34086746132&catId=50004600
해외3D 열전사 전화 케이스에 적합 iPone12promax 필름 광택 쉘 xr 사과 11 프로스트 6 올 인클루시브,"22,500원",https://cr.shopping.naver.com/adcr.nhn?x=EviY7wDXcC95xv0T032e5%2F%2F%2F%2Fw%3D%3DsUhO0cCpDcuYy0HyVjXxc1lQKI15Y4wgTulh2yBCLR7w3BcvUvmPg%2FfSMhOlAFyTZMv0GXprxeXsf%2BuHT2VDNLapTjNpxEVINxTJLOh8zMeDeLTa5Fgas1TDZ1vrFc6TdUcJVQ7XfpYnUNtalad2E08VIhUTYq2J1wF4XcKD2AOWkOA3ZateG%2FY8eKxwX1E0N%2BsimMqJMswZFADUZ%2FasiL07fTpPGvtea%2FocEM2jzb2SAbCY81f975eS5nfR25FBiP83WAv8GAIoQ0MwLPWeb%2Fb3RAq1peZFa7yLXwe%2FGcZ3bclK8yrehun%2FriDnHXED%2FEZ0ptwH2hzVXMS2NWzh3XpoSnTdPkqbu33uOh7Ced7qMHn7BDBNaqXNmoKbAeTMvUHi23AKk1qWUL%2FHL7o5hGKFXUOE5fflEWSsdRF3rxNFfasNWw4kiWs0E0c%2F%2B1JQBIGDdxzXZVX5t8BD%2Ff1oTQygvRjc7gGZghRQNiVUESGKjA3cIJt01tp3%2FKQrWCt2NF0%2FB4CSPgXZPbHBpy4QrDjoBsWzAhCGsUiM4khll95Z6LKVdGg9gkHfUSmD0gVJ05hCxTtO0BEGFMovpO9PUU75q6F3600SdiWqKnsd0AzuoRi%2FzXNymfEq332ynS11GQ6p1q%2F%2BT2FmO1K%2BNQDj2l8tVYavx%2B%2B8fWZa9SBc8rqM%3D&nvMid=84581930007&catId=50004597
해외iPhone Xs용 3D 0.3mm 화면 보호기 강화유리 최대 XR X 6S 7 8+ iPone Xsmax 보호기,"9,690원",https://cr.shopping.naver.com/adcr.nhn?x=Vsreywz11Kpmy9Q6p5C4Zf%2F%2F%2Fw%3D%3DscX7wqrgky6ynH04N5aUpGu3EJtGQEm%2BDYsFpW9bcalEk5sT8b7%2F%2FeiMUFLdtYe%2FtOivv9zjjw1aWh4mDuY1MXywNGUGnI0U6UJ%2BqiX%2BH0A4zBb%2F%2BVa%2FpO3jPlYtHMxZfqGl9X%2B9xscGDhfKbr9va4WFEV98CfAwi%2FgpsOD1fQ6CLZg%2B836fvR7S%2FYhR6nHLLSb47uXZcpw6%2BJ%2BUI8oh3uv6LQ0RmvVNgBoNjCCT6yMU%2Fa18qhDQ1A%2FKJp3fgBDor391W%2FC1w5SVs2sYtTdFSeoCwDMnyRIoNQXAujVXV1KOIJPHDbSnGeGgiog0B9u%2BVIXNlioxxNOwvhdFmlygHTA%2F91KPqkQx5A%2FR6w7DoygoXKOmCdl%2BLRQvumzzUGA5c686PPSDeZGZI%2BGo8QKuOkVwJ4uIFrvEB%2FuIROK6SlL%2FVE9bDIwzpWOA5e9lGypPTxQJFCgjdBZ5JbPAKOOsSgn2tvm5pyjNwmj796i8W00pnrCN5RAmwyUaKokzjAsu1rBkrv7xIbfxljmcEbIFARiOuJvah%2B%2Boss8ACdiN%2BIxWVdu0%2FfPQsFd9KNH6QADjLklg39wDHduMNiMeLL1CKZv1dXqlVsBfxM9geO7vH3jDHICEQpPL7Rm%2B2fyhjEhHR&nvMid=82302653183&catId=50004595
해외QI 자석 3 in 1 무선 충전기 15W 고속충전 스탠드 Ipone 12/ 13 자석 도크 스테이션 애플 워치 SE/ 7/ 6/,"32,950원",https://cr.shopping.naver.com/adcr.nhn?x=9aA1h7q8x1gVPJP7ioKfQf%2F%2F%2Fw%3D%3DsIMw5C93tUKUd1%2B0W49Sn2NhrnrqNo271x%2FRuxQL162Uk5sT8b7%2F%2FeiMUFLdtYe%2FtkP1jp%2BdHl4h%2FPIEygIvOsywNGUGnI0U6UJ%2BqiX%2BH0A4zBb%2F%2BVa%2FpO3jPlYtHMxZfVvtxD40hMAxuH9cj4XbRyEgyQmyIV0ghdBHMkm2lyeIq3vS%2BphZ2RUmgaeMcCOPyt%2FpXtCbHqtGkzQTjlo2PlBoqh%2F2t3CfvMwXE0Nake6Wyvepwdymr6rGTRPANNAsn4tAGAagRd2j%2FAJJhxrY008OmY27ZGze0Q%2BtXRlM4OxtarJoVrbEtunAYIkKGowOqRQAnopfN6U3RzKaG6qXTGLArwJXBU9JLjUEn6KqhGOEpwhNqXFSa2YzaXX%2BUy87dooJglH2DxMJ0RsjKBmsT%2BIwefsEME1qpc2agpsB5My84QFl4P06uE26ZWlcuvhlwBfw%2F5gTg9bY1zvHGmNUdl4OPtu7D1D8ytRmzDzYQDrqHO3ayzohjz10ZSlc6N%2F1VPdrDtzyzY5QIns8jKRBhAIB2otyJMxsRI43Lx2Yz5Mbe0hVPW7pHI3sk7C%2FRN2KbUmQQ%2FklxBtnsXaUxs620pej55GGz65hoqEV7KHJBPCbCkd2CpQ%2FahgJeoF%2FR72TuRtFxlCpAPYhd30SIV%2FgdbWde1UkSO%2FdpeBguVMCTnzBWhZ3SMHTcLlpircdRzUgq1JIslBmdxaTx7xO1%2BPPoWw%3D%3D&nvMid=33796384114&catId=50004600
해외QI 마그네틱 3 in 1 무선 충전기 15W 빠른 충전 스탠드 Ipone 12/13 자석 도킹 스테이션 Apple Watch SE/7/6/Airpods Pro,"47,800원",https://cr.shopping.naver.com/adcr.nhn?x=9HgzrVzCfu5S%2BhV5x6C9Gf%2F%2F%2Fw%3D%3Dsv3lvjfc358mdY%2BG0mbuKYUTjhXgL31DlvY217yyA0XM3BcvUvmPg%2FfSMhOlAFyTZ0LYynTRxgBHKXorZ9hoWfqpTjNpxEVINxTJLOh8zMeDeLTa5Fgas1TDZ1vrFc6TdeCdoSZ0%2FgK11%2Bc0y%2BuKQ7pCCCbkvna%2B09s9N7hZImfZHsEkgD5YoIUxlnVtKHZjmF3m3HmchizBagYcG0Sqldz%2BP0hIJPqmr%2BN6lkL3vQ7fWxEKFXDSAZ1PhFgzhrvnfqwkXVMbwNe%2B45dFaHZqJITVCZ4rdk8hPModxsSdH4jwc%2Bh%2Bdm8i4NYYrvZ8IoqJDmbbrT4TptW1CGzax9%2FnKyX%2BUucnAxrsG3xHb9QOpCsLwEHxeyUyLvYP%2Fc14iuWKowGTDL9JLQN7raX7R6W%2BWGKmMepx3lvhP%2FRE38p6AjiK%2B0ezX0P5DlrsjoDGybxqVVAq25pep92sjWKg9cDqTsyPSky3IWnUioyzpm6EkrdcN02aOMMuA2iIxGy%2F5N2GgY1SIjlzL8aBje6kDZYd6TdShoRoqptRJKy0b4B2jPBD90kbqqXfpO6eWos8KBqKbBtSf7fkwHHhISW5OS8f7vNSim%2Fueal%2FFetCK%2BiwLe%2FmzV2DeER%2Fn6XthMHBq8eTi4YS6sLoyXEgm6fSK2%2Fh1budHMNaPWt8tQ4ETzF1qIFgdHI8FZtQVGFZJxOyBDKc%2B&nvMid=33777712243&catId=50000264
해외QI 마그네틱 3 in 1 무선 충전기 15W 빠른 스탠드 Ipone 12/13 자석 도킹 스테이션 Apple Watch SE/7/6/Airpods Pro,"49,500원",https://cr.shopping.naver.com/adcr.nhn?x=tfC5wb%2Bj2YVednRqolSJO%2F%2F%2F%2Fw%3D%3DsJOMGdp0UIDhlLG7dYr4aqKK2kQTJa4XIZyYKJqrXQwbRce3WXgamt1W4XLvMBOvjtza3mNU%2Fiah0TQyBNovqNCE54izk2RIqG8Dy3w3mkLUBeuR9tO46lAFATtckjJ2JiTGdbHvqTnQ8SDSfceXwKUuG%2FicFY3q9hGdjro9%2BnxSMGcGXhjwgNnMHzwwSiW3K48aVjtrOSPaWe2wz8o20wIOojailzDcYcXAk6KPptCRr6kdrp7BvT8OlwZ7P37YyZp%2FuhVWf5tMOyu5R2EADuzbrfX73M3tZuT3UhRdMbgzCL2S73Bzkuw889b6x3cvyiRBlmNO4GxaueVPwaWrES8BC%2Fwn%2BFjVxYFxPRH6Jo%2BOSTLMwcFci8mMfj%2B0bohsaFnS0SLAb8izHodvyqjCfDO1Ez0KuoVXMc6K9fhNznNmqPNzanb5upgRu9Ezr4Y4gms8SiwjAopPXwu%2BD34flaEKgs47EgFg6HBTeVva9XF%2FX8TlsZai%2BF%2FGgQOXVfSxnAtzWYY65Np7Ep%2FE5L6zZaU0jwdFPre%2Fsry0m22hRJy%2Fuvj60hPfRCAbBWrwsfr%2BNAsXXod%2BVh25GSYkqZr5lMdxr9RYRYuJVS%2Bh17yol8zRTmwOKSGpAQB%2BSyYVMNUooV3OdHgSE8LoEjTx9zpNPbFaRsOtQUnaEEbxBoHxZXOc%3D&nvMid=84463882568&catId=50004600
해외고속 무선충전기 QI 마그네틱 3 in 1 무선 충전기 15W 빠른 충전 스탠드 Ipone 12/13 자석 도킹 스테이션 Apple Watch SE/7/6/Airpods Pro,"61,570원",https://cr.shopping.naver.com/adcr.nhn?x=ZAXPWKHbf2ekC6zc2i25AP%2F%2F%2Fw%3D%3DszacGTZiPEGN%2Fu9l6e%2Bcm2TdAattZGZDhHf5x02HLJFgHLFt7bm4IEupEsqo1eHyO4vs5YNTa29tCk%2Bf5xTDfmD3lyQCFLoRJr%2FVa4wEnInh5o%2FCgdnAb2E4txqbbneLsy7WsjvL6fGBruqRzbSMBoQdLXoybizBOVFY0bnGAXBspZMODKZbNqwL0vWhG3QqXuZ4eWpBh7Rnhn4p14VxwUL0T64VR%2BYLZkHLGS6gcCm7Bz7%2BORHa%2BX777%2F5U82WuFGxtn4BLOeE%2Bn67VHW4ZwCUzEc%2F3kpEBXQi%2BuS6BbpfpdrU9gBvTOY8XVxGgpGxxdJ5TZtB%2BznR7jc1oXBpPvXqSEXPhTJycENYj5drj0LhW58AO2s732UQuZiHiFClOmIleYx6r9AV78xWQ7GM2DHQa7ubL0qDiDkMNyJwcMeMD95Ps6xP%2Fjf%2F7qbnXM183l82BXMmOXHQ4knGClqy1X8tXUS5pzCUzX%2F4hU9HLIcExw0Lut58F8hnohSHELSpaN7gDInV7Zyd1TUB3moVxHQUPElgTlmTHJBTTRrvBXhy5hG%2BqLqoIQdvqunyCO1vnx5NbS87ql0gU8c01%2FQ2M%2BGoKmITbTBqyRA%2FnCycje1U4h648KkAbjaQsqe4puSY6zb1NmOoRBMBsXNQGXzjfbC%2BFUQB%2FrDAzm2q1KHRsHkfE%3D&nvMid=84432935625&catId=50004600
해외아이폰액정필름 개인정보 강화유리 보호필름 매직 프라이버시 안티 스파이 스크린 프로텍터 for ipone x xr xs max 9h for iphone 5 6 s se,"12,900원",https://cr.shopping.naver.com/adcr.nhn?x=eNJFnktQwp8cTCNZc0eQYf%2F%2F%2Fw%3D%3Ds4GNpZA%2FJZdXxGRJo%2BtUow6xm4j94gSRLDg4%2B5qfADvY3BcvUvmPg%2FfSMhOlAFyTZU8azvyRGu%2F8bQLFl9U0llapTjNpxEVINxTJLOh8zMeDeLTa5Fgas1TDZ1vrFc6TdUcJVQ7XfpYnUNtalad2E08VIhUTYq2J1wF4XcKD2AOWkOA3ZateG%2FY8eKxwX1E0NgZCnSTEXojvKW3dCjD2Jjk7fTpPGvtea%2FocEM2jzb2SAbCY81f975eS5nfR25FBiP83WAv8GAIoQ0MwLPWeb%2FaMiAS0D%2BNB1pnubn7CRSvXY2nHzT8K6km3Yl2jUHCqneJDcUE5JOD9%2BD8bfbAnuHrssQj5R0hExD8bVwlSGhvvN81WjUpxJVJrN5mDsz4BpqSpaAcfgc%2BtZGtVHXvhF5zzPFarMegVKvOPtbc5KQAZyYlDQ7G57EIst2y4TdfORtldZx0dGalI7mtmEnHUNAZE3NIAMXdoNjFEyP0HDj%2B%2F0RxfR0SIVyNFHkbWeCJX2KUeEMIEC4RsH6KKNNmaGevtS%2FsmaX7pBJHUVYjgwF5iTgRs0iZe%2F7pes20HzkHF5%2FPhmV6HDiqYp95M3vq%2FI2oplS12pDsseOvusEHaRFP1Dz6Szbhjrvg4vL%2F%2FL4IZM7JFNOTSiwZijrHLEZBeoluqPjMDQeCRKNHdr3s81da1YdTH7cNPErHYXrzu9T5fVQdAiJdwXirBRdnaxfvrBbw%3D%3D&nvMid=84411665899&catId=50004595
해외USB 케이블 용 iPhone 12 11 Pro XR X XS Max 10 SE 2020 5 6 s 5s 6s 7 8 Plus iPhne iPhoe iPone Lighting iO,"14,980원",https://cr.shopping.naver.com/adcr.nhn?x=aOiOIeVEFER3XKuTZXMuJ%2F%2F%2F%2Fw%3D%3Ds8yS2a8mxQluLv4AVVjUXmkmGCRZaD6vWnvcbBX%2Bxy78k5sT8b7%2F%2FeiMUFLdtYe%2FtEb54U3b2vcK%2F3%2Ba2WnGjfiwNGUGnI0U6UJ%2BqiX%2BH0A4zBb%2F%2BVa%2FpO3jPlYtHMxZfqGl9X%2B9xscGDhfKbr9va4WFEV98CfAwi%2FgpsOD1fQ6AOYZ%2BfIXAZX1YuSRx8xCrnMdP6SupZU2i%2F6SpZBSiEGf6LQ0RmvVNgBoNjCCT6yMU%2Fa18qhDQ1A%2FKJp3fgBDor391W%2FC1w5SVs2sYtTdFSen%2FNds0emysmHXKpkGDmwMkU%2BPM0PtTNqUE9XqP0IUNkqtxr5MUC5f9Qiqe8lUu29B8PFbdDc1%2B2sd3KLxuE1T3pY%2Bg3UV9B6%2BTIK%2FJTI3Zq%2F4kLBQ1MTwfvjrEX2lM%2BJwbVJPJ%2FE83L9yyd0T45DbtMntb5gGEv9%2BnU7eKNBqw73BUpVs79as6JZ8ry4qdJfXnX9lpTUSVbSxzB71lFnr7g8I0jdOM%2Fj9WL7wrUStw0cWHM6MPS0bGYMVUO4VjeWIToIbfNZ7pprdyQKtipPLxrK45F%2B2uNP1aJaFOXBvS2UMc0kxuXtIlxa96qrSRm5OR79U%2F6Az3gE9mQ%2Flgn57E%3D&nvMid=84241997241&catId=50000252
해외귀여운 곰 실리콘 애플 전화 케이스 ipone13 만화 78 새로운 11pro 여성 xr 여름 6s 도매,"21,600원",https://cr.shopping.naver.com/adcr.nhn?x=lEX1VVrfXqV8NpqyrwAyHP%2F%2F%2Fw%3D%3DsY%2BnX2iDiUqTS7JssyJIgeshrCZsTFK3hsUBmMfoUb%2B4k5sT8b7%2F%2FeiMUFLdtYe%2FtPP36TYGTC%2FerDT%2BoUrluGywNGUGnI0U6UJ%2BqiX%2BH0A4zBb%2F%2BVa%2FpO3jPlYtHMxZfqGl9X%2B9xscGDhfKbr9va4WFEV98CfAwi%2FgpsOD1fQ6DIiArL9%2BgMmPPOhLvGpwgipozE7D5RHLP2UkPRiti5Tf6LQ0RmvVNgBoNjCCT6yMU%2Fa18qhDQ1A%2FKJp3fgBDor391W%2FC1w5SVs2sYtTdFSeprOX3DCY%2F9pWJfYHBcQHkGrEt%2F0HZJcpCn1EgT%2BEjh5i%2BHCBgPGPFbm%2BvOKoeEpWlsQAFTORfE4GLzLga1NwPPAkNEruxiho063lex3UX2%2Bg7vMFa%2FgTSedTSkVnCa9ZbPbJHlH59PxX36RKODEUHDbeVwTtF3vkNmeLo6ko%2FuzVeRQxxknnqnVLntuvOjIwC84DkVUqQ9b4OXjfpC%2F9%2FDgrfAgBomM7W2hbcJaeV%2FMDBmvJpn4hs93YaisTNgKF1cK%2B0A5GXVTL%2F2GZRfSexg4S%2F9zcAZ%2BTsMrpKAfYUXNcg1428xUWJt9B41vQjulVfAqJspDLmvQklvUldsKDetz7hmR0OyWrItzX3cfP2k%2FVh9XTPrEMeuUWF0ijSWOoUHQIiXcF4qwUXZ2sX76wW8%3D&nvMid=84581925052&catId=50004597
해외QI 마그네틱 3 in 1 무선 충전기 15W 빠른 충전 스탠드 Ipone 12/13 자석 도킹 스테이션 Apple Watch SE/7/6/Airpods Pro,"31,567원",https://cr.shopping.naver.com/adcr.nhn?x=DQ1ITFaYUPCKasM8i4QOav%2F%2F%2Fw%3D%3DsJEHlnYxmkfRQXopQD9RernX7tlwcjt7ZRwCzUoeiS003BcvUvmPg%2FfSMhOlAFyTZu%2FVra95D7q14CSBbTMd%2FcKpTjNpxEVINxTJLOh8zMeDeLTa5Fgas1TDZ1vrFc6TdDJ%2BmGUUCUNt7hYZJWSlasqxpZ2RZBBT0OMvQU3KPUTOaHuLDKIr6uzTcSH01NO%2FVx%2FFGMNYPR5Rl8TJewa2PaCPw%2FNHIt8YyjQSZRBrZ9gqiekeN1k2LN2esEVPhc%2FDPM%2FYBrYrzLhdZr3Zl9Ys5p8Xa9Oxg92Pvw2jnRSaLjz2ksjD4jyuH4NIhggLRBePNSUsx4I8WD5wXY46gYr%2Bu0K2ivWUvVOZ6HQe8dS9y0j%2BTnOGBXPIodhZYzMKu6iuXwdxknjvHuw2Hx3IgIeH2x5u5LmJ%2Bp%2FY4le8BmB2pt9NO306Txr7Xmv6HBDNo829kgGwmPNX%2Fe%2BXkuZ30duRQYj%2FN1gL%2FBgCKENDMCz1nm%2F27bnQDpDCBGTpsvEyB8cxC1PvJlb7gwb1yTGWGggXKqBU77fypy%2BROMkq07uLla4mhl0bHzVmA8LYfaCSrusJLjB5%2BwQwTWqlzZqCmwHkzLxxgDPEPtmqkqngtdExt4p8m%2BfhZqugakQmzskOeajuXvVwDS5ulujM4mKXJLTQ8QC1q%2BVHDglObuRKsz9M5%2FfBnrhsS1v5dfLkCZFBw2B6j%2FwTA4P7vyf8LiyQqvOuv5UnDraxiI1ySCF0xM98UGN4hngykZ4qa1ZohFLdQ2ea5fVCCgJa5o%2F20%2FzptkkjCLBg23mCVzkzmh0vDeKqXoJhWEHaMOyePfR5D%2BLfq0N50U7%2FCnFIFB5rTpqyF6E4bHOdHMNaPWt8tQ4ETzF1qIFgdHI8FZtQVGFZJxOyBDKc%2B&nvMid=29984985375&catId=50004601
